<?xml version="1.0" encoding="utf-8"?>
<metadata>
	<layout title="COM_SIMON_VIEW_SUGGESTION_TITLE" option="COM_SIMON_VIEW_SUGGESTION_OPTION">
		<message>
			<![CDATA[COM_SIMON_VIEW_SUGGESTION_DESC]]>
		</message>
	</layout>
	<layout title="COM_SIMON_VIEW_MY_SUGGESTIONS_TITLE" option="COM_SIMON_VIEW_MY_SUGGESTIONS_OPTION">
		<message>
			<![CDATA[COM_SIMON_VIEW_MY_SUGGESTIONS_DESC]]>
		</message>
	</layout>
	<layout title="COM_SIMON_VIEW_ROADMAP_TITLE" option="COM_SIMON_VIEW_ROADMAP_OPTION">
		<message>
			<![CDATA[COM_SIMON_VIEW_ROADMAP_DESC]]>
		</message>
	</layout>
	<fields name="request">
		<fieldset name="request">
			<field
				name="view"
				type="hidden"
				default="suggestion"
				label="COM_SIMON_FIELD_VIEW_LABEL"
			/>
			<field
				name="layout"
				type="list"
				label="COM_SIMON_FIELD_LAYOUT_LABEL"
				description="COM_SIMON_FIELD_LAYOUT_DESC"
			>
				<option value="submit">COM_SIMON_LAYOUT_SUBMIT</option>
				<option value="mysuggestions">COM_SIMON_LAYOUT_MY_SUGGESTIONS</option>
			</field>
		</fieldset>
	</fields>
</metadata>

