<?xml version="1.0" encoding="utf-8"?>
<extension type="file" version="4.0" method="upgrade">
    <name>SIMON CLI Command</name>
    <version>1.0.0</version>
    <creationDate>2024-01-01</creationDate>
    <author>SIMON Team</author>
    <copyright>Copyright (C) 2024 SIMON Team. All rights reserved.</copyright>
    <license>GPL-2.0-or-later</license>
    <description>SIMON CLI command for manual data submission</description>
    
    <files>
        <filename>simon.php</filename>
    </files>
</extension>
